Workbook

Sheet Read Me
A1: Connect Messaging - Automation Test Plan
A3: Ticket: CCCT-2671 - End to end testing scripts for Connect messaging on mobile
A4: https://dimagi.atlassian.net/browse/CCCT-2671
A6: Scope
A7: Every way a Connect message can reach a worker's device, and everything the worker can do with it.
A8: Cases are derived from three sources: the manual 'Connect messaging' sheet in
A9: test_plans/CCC_Mobile_App_Regression_MTP.xlsx (9 cases); the app surface read from commcare-android
A10: (channel list, unread state, consent, push deep-link, delivery ticks, encryption keys); and the
A11: HQ trigger types (consent request, broadcast, conditional alert, keyword).
A13: How to read this
A14: One sheet per functional area. 'Automation Target' names the test or flow that covers a case,
A15: or 'Manual only'. 'Phase' says which engine runs it. Same shape as
... A29: cannot coexist), and each environment needs its own PersonalID numbers.

Sheet Coverage Summary
A1: Coverage Summary
A3: Area | B3: Total cases | C3: Automatable | D3: Done | E3: Left to build | F3: Manual only | G3: Web | H3: Hybrid | I3: Mobile
A4: Channel Lifecycle | B4: =COUNTIF('Channel Lifecycle'!$A:$A,"TC-CHN-*") | C4: =COUNTIFS('Channel Lifecycle'!$A:$A,"TC-CHN-*",'Channel Lifecycle'!$F:$F,"<>Manual only") | D4: =COUNTIFS('Channel Lifecycle'!$A:$A,"TC-CHN-*",'Channel Lifecycle'!$G:$G,"Automated") | E4: =COUNTIFS('Channel Lifecycle'!$A:$A,"TC-CHN-*",'Channel Lifecycle'!$F:$F,"<>Manual only")-COUNTIFS('Channel Lifecycle'!$A:$A,"TC-CHN-*",'Channel Lifecycle'!$G:$G,"Automated") | F4: =COUNTIFS('Channel Lifecycle'!$A:$A,"TC-CHN-*",'Channel Lifecycle'!$F:$F,"Manual only") | G4: =COUNTIFS('Channel Lifecycle'!$A:$A,"TC-CHN-*",'Channel Lifecycle'!$E:$E,"1 - Web (Playwright)") | H4: =COUNTIFS('Channel Lifecycle'!$A:$A,"TC-CHN-*",'Channel Lifecycle'!$E:$E,"2 - Hybrid (Web+Mobile)") | I4: =COUNTIFS('Channel Lifecycle'!$A:$A,"TC-CHN-*",'Channel Lifecycle'!$E:$E,"3 - Mobile (Maestro)")
A5: Broadcasts | B5: =COUNTIF('Broadcasts'!$A:$A,"TC-BRD-*") | C5: =COUNTIFS('Broadcasts'!$A:$A,"TC-BRD-*",'Broadcasts'!$F:$F,"<>Manual only") | D5: =COUNTIFS('Broadcasts'!$A:$A,"TC-BRD-*",'Broadcasts'!$G:$G,"Automated") | E5: =COUNTIFS('Broadcasts'!$A:$A,"TC-BRD-*",'Broadcasts'!$F:$F,"<>Manual only")-COUNTIFS('Broadcasts'!$A:$A,"TC-BRD-*",'Broadcasts'!$G:$G,"Automated") | F5: =COUNTIFS('Broadcasts'!$A:$A,"TC-BRD-*",'Broadcasts'!$F:$F,"Manual only") | G5: =COUNTIFS('Broadcasts'!$A:$A,"TC-BRD-*",'Broadcasts'!$E:$E,"1 - Web (Playwright)") | H5: =COUNTIFS('Broadcasts'!$A:$A,"TC-BRD-*",'Broadcasts'!$E:$E,"2 - Hybrid (Web+Mobile)") | I5: =COUNTIFS('Broadcasts'!$A:$A,"TC-BRD-*",'Broadcasts'!$E:$E,"3 - Mobile (Maestro)")
A6: Conditional Alerts | B6: =COUNTIF('Conditional Alerts'!$A:$A,"TC-CAL-*") | C6: =COUNTIFS('Conditional Alerts'!$A:$A,"TC-CAL-*",'Conditional Alerts'!$F:$F,"<>Manual only") | D6: =COUNTIFS('Conditional Alerts'!$A:$A,"TC-CAL-*",'Conditional Alerts'!$G:$G,"Automated") | E6: =COUNTIFS('Conditional Alerts'!$A:$A,"TC-CAL-*",'Conditional Alerts'!$F:$F,"<>Manual only")-COUNTIFS('Conditional Alerts'!$A:$A,"TC-CAL-*",'Conditional Alerts'!$G:$G,"Automated") | F6: =COUNTIFS('Conditional Alerts'!$A:$A,"TC-CAL-*",'Conditional Alerts'!$F:$F,"Manual only") | G6: =COUNTIFS('Conditional Alerts'!$A:$A,"TC-CAL-*",'Conditional Alerts'!$E:$E,"1 - Web (Playwright)") | H6: =COUNTIFS('Conditional Alerts'!$A:$A,"TC-CAL-*",'Conditional Alerts'!$E:$E,"2 - Hybrid (Web+Mobile)") | I6: =COUNTIFS('Conditional Alerts'!$A:$A,"TC-CAL-*",'Conditional Alerts'!$E:$E,"3 - Mobile (Maestro)")
A7: Keywords | B7: =COUNTIF('Keywords'!$A:$A,"TC-KWD-*") | C7: =COUNTIFS('Keywords'!$A:$A,"TC-KWD-*",'Keywords'!$F:$F,"<>Manual only") | D7: =COUNTIFS('Keywords'!$A:$A,"TC-KWD-*",'Keywords'!$G:$G,"Automated") | E7: =COUNTIFS('Keywords'!$A:$A,"TC-KWD-*",'Keywords'!$F:$F,"<>Manual only")-COUNTIFS('Keywords'!$A:$A,"TC-KWD-*",'Keywords'!$G:$G,"Automated") | F7: =COUNTIFS('Keywords'!$A:$A,"TC-KWD-*",'Keywords'!$F:$F,"Manual only") | G7: =COUNTIFS('Keywords'!$A:$A,"TC-KWD-*",'Keywords'!$E:$E,"1 - Web (Playwright)") | H7: =COUNTIFS('Keywords'!$A:$A,"TC-KWD-*",'Keywords'!$E:$E,"2 - Hybrid (Web+Mobile)") | I7: =COUNTIFS('Keywords'!$A:$A,"TC-KWD-*",'Keywords'!$E:$E,"3 - Mobile (Maestro)")
A8: Subscription | B8: =COUNTIF('Subscription'!$A:$A,"TC-SUB-*") | C8: =COUNTIFS('Subscription'!$A:$A,"TC-SUB-*",'Subscription'!$F:$F,"<>Manual only") | D8: =COUNTIFS('Subscription'!$A:$A,"TC-SUB-*",'Subscription'!$G:$G,"Automated") | E8: =COUNTIFS('Subscription'!$A:$A,"TC-SUB-*",'Subscription'!$F:$F,"<>Manual only")-COUNTIFS('Subscription'!$A:$A,"TC-SUB-*",'Subscription'!$G:$G,"Automated") | F8: =COUNTIFS('Subscription'!$A:$A,"TC-SUB-*",'Subscription'!$F:$F,"Manual only") | G8: =COUNTIFS('Subscription'!$A:$A,"TC-SUB-*",'Subscription'!$E:$E,"1 - Web (Playwright)") | H8: =COUNTIFS('Subscription'!$A:$A,"TC-SUB-*",'Subscription'!$E:$E,"2 - Hybrid (Web+Mobile)") | I8: =COUNTIFS('Subscription'!$A:$A,"TC-SUB-*",'Subscription'!$E:$E,"3 - Mobile (Maestro)")
A9: Message Delivery | B9: =COUNTIF('Message Delivery'!$A:$A,"TC-MSG-*") | C9: =COUNTIFS('Message Delivery'!$A:$A,"TC-MSG-*",'Message Delivery'!$F:$F,"<>Manual only") | D9: =COUNTIFS('Message Delivery'!$A:$A,"TC-MSG-*",'Message Delivery'!$G:$G,"Automated") | E9: =COUNTIFS('Message Delivery'!$A:$A,"TC-MSG-*",'Message Delivery'!$F:$F,"<>Manual only")-COUNTIFS('Message Delivery'!$A:$A,"TC-MSG-*",'Message Delivery'!$G:$G,"Automated") | F9: =COUNTIFS('Message Delivery'!$A:$A,"TC-MSG-*",'Message Delivery'!$F:$F,"Manual only") | G9: =COUNTIFS('Message Delivery'!$A:$A,"TC-MSG-*",'Message Delivery'!$E:$E,"1 - Web (Playwright)") | H9: =COUNTIFS('Message Delivery'!$A:$A,"TC-MSG-*",'Message Delivery'!$E:$E,"2 - Hybrid (Web+Mobile)") | I9: =COUNTIFS('Message Delivery'!$A:$A,"TC-MSG-*",'Message Delivery'!$E:$E,"3 - Mobile (Maestro)")
A10: Regression & Impact | B10: =COUNTIF('Regression & Impact'!$A:$A,"TC-IMP-*") | C10: =COUNTIFS('Regression & Impact'!$A:$A,"TC-IMP-*",'Regression & Impact'!$F:$F,"<>Manual only") | D10: =COUNTIFS('Regression & Impact'!$A:$A,"TC-IMP-*",'Regression & Impact'!$G:$G,"Automated") | E10: =COUNTIFS('Regression & Impact'!$A:$A,"TC-IMP-*",'Regression & Impact'!$F:$F,"<>Manual only")-COUNTIFS('Regression & Impact'!$A:$A,"TC-IMP-*",'Regression & Impact'!$G:$G,"Automated") | F10: =COUNTIFS('Regression & Impact'!$A:$A,"TC-IMP-*",'Regression & Impact'!$F:$F,"Manual only") | G10: =COUNTIFS('Regression & Impact'!$A:$A,"TC-IMP-*",'Regression & Impact'!$E:$E,"1 - Web (Playwright)") | H10: =COUNTIFS('Regression & Impact'!$A:$A,"TC-IMP-*",'Regression & Impact'!$E:$E,"2 - Hybrid (Web+Mobile)") | I10: =COUNTIFS('Regression & Impact'!$A:$A,"TC-IMP-*",'Regression & Impact'!$E:$E,"3 - Mobile (Maestro)")
A11: TOTAL | B11: =SUM(B4:B10) | C11: =SUM(C4:C10) | D11: =SUM(D4:D10) | E11: =SUM(E4:E10) | F11: =SUM(F4:F10) | G11: =SUM(G4:G10) | H11: =SUM(H4:H10) | I11: =SUM(I4:I10)
A13: Counts are formulas over the area sheets - they update as cases are added or retargeted.

Sheet Prerequisites
A1: # | B1: Prerequisite | C1: Details | D1: Owner | E1: Status
A2: 1 | B2: Messaging worker, one PersonalID number per environment | C2: mobile_workers.yaml MAESTRO_MESSAGING_HYBRID. Prod: CCC- Automationuser1 (+74267426121), the account legacy test_tc_09 already used - proven by every green device build. Staging: Message Automation User (+74264678161), created 2026-08-12. Different numbers per environment on purpose: a PersonalID number cannot hold a session on two at once. | D2: Nitin | E2: Prod DONE / staging account exists
A3: 2 | B3: That worker enrolled on an opportunity whose apps belong to THIS HQ domain | C3: Two requirements, and the second is easy to miss. (a) A Registration Form in the deliver app, needed ONLY by the conditional-alert cases (TC-CAL-003/005), which fire on a form submission - broadcasts, keywords, consent and channel cases need nothing but a PersonalID user with a channel, which is why they were built first; learn/assessment progress lives on OpportunityAccess and cannot be inherited from another opportunity. (b) The opportunity's learn and deliver apps must come from the SAME HQ domain the messaging is driven from: 'Request Messaging Consent' enumerates users linked to the domain through those apps, so a worker on an opportunity pointing elsewhere is never a Connect messaging user here - the action reports 'No channels created' and no channel can ever be made for them. Diagnosed on staging 2026-08-12. | D3: Nitin | E3: OPEN for staging
A4: 3 | B4: A worker subscribed to no channels | C4: For the empty-state case (TC-CHN-003). MAESTRO_MESSAGING_EMPTY_STATE currently points at the login account on the assumption it has never been added to a channel. Unverified - the first device run settles it, and if the assumption holds no new account is needed. | D4: Automation | E4: To verify on first run
A5: 4 | B5: HQ automation account with Messaging permissions | C5: Reaches Broadcasts, Conditional Alerts, Keywords and CONNECT MESSSAGING > User Consent. The existing [creds] in settings.cfg work - confirmed by every green web test on connectqa-automation-prod. | D5: - | E5: DONE (prod)
A6: 5 | B6: A survey form registered for Connect Survey content | C6: Prod: 'Delivery App - ETE > Surveys > Survey'. Staging: 'SMS Tests [DO NOT DELETE] > Surveys > Survey'. Both carried over from the legacy page object, which hardcoded them per environment; now MESSAGING.survey_form / survey_form_staging. Confirmed present in the keyword form dropdown too, so alerts, broadcasts and keywords share one value. | D6: - | E6: DONE
A7: 6 | B7: Keywords offer the Connect content types | C7: Verified on prod: both id_sender_content_type and id_other_recipient_content_type offer ['SMS', 'No Response', 'SMS Survey', 'Connect Survey', 'Connect Message']. Keywords are served from /reminders/keywords/, not /messaging/, and are reachable only from the left sidebar. | D7: - | E7: DONE
A8: 7 | B8: mobile_workers.yaml entries and WORKER_BY_FLOW mapping | C8: MAESTRO_MESSAGING_HYBRID and MAESTRO_MESSAGING_EMPTY_STATE added with the _staging suffix convention; every messaging flow registered in run_on_browserstack.WORKER_BY_FLOW so each resolves its own per-environment identity. | D8: Automation | E8: DONE
A9: 8 | B9: BrowserStack credentials and APKs | C9: BROWSERSTACK_* env vars / settings.cfg, and APK_BY_ENV maps stage -> app-cccStaging-release.apk, prod -> app-commcare-release.apk (both 2.63.4, both package org.commcare.dalvik, so they cannot coexist on a device). NOTE: a fresh worktree needs settings.cfg copied in by hand - it is gitignored. | D9: - | E9: DONE
A10: 9 | B10: The tasking hybrid machinery | C10: run_flows(app_env=...), flows/mobile_runner.py, env_by_flow and per-env APK selection. Merged to main in PR #23 on 2026-08-12; this branch is rebased onto it. | D10: - | E10: DONE
A11: 10 | B11: Channel encryption key present on the device | C11: The silent-failure trap: without the per-channel key, sends no-op and inbound messages are dropped with nothing shown. Proven working rather than asserted separately - every green build decrypts and renders real message bodies, and the survey does it repeatedly across a multi-turn conversation. | D11: - | E11: DONE (proven by passing builds)

Sheet Channel Lifecycle
A1: Test Case No | B1: Description | C1: Steps to Test | D1: Expected Outcome | E1: Phase | F1: Automation Target | G1: Status | H1: Comments / Notes
A2: Channel creation and list rendering
A3: TC-CHN-001a | B3: First-time consent request creates a channel | C3: 1. Log in to CC HQ 2. Messaging > View All (sidebar: CONNECT MESSSAGING > User Consent) 3. Select the user 4. Click 'Request messaging consent' | D3: HTTP 201 from ConnectID, a 'New Channel' push fires, and the channel appears on both HQ and the device. | E3: Manual / one-off | F3: Manual only | H3: Manual case 'Connect channel 1'. WHY IT IS NOT RUN EVERY TIME (as of 2026-08-12): ConnectID's CreateChannelView is get_or_create on (server, connect_user, channel_source), and channel_source is the HQ domain, which we do not vary. So the FIRST consent request for a worker creates the channel and fires the one-shot 'New Channel' push; every later request returns the existing channel, creates nothing and sends no push. Reusing one worker therefore means this case can pass exactly once and would be permanently red afterwards, which is worse than not having it. It is written to SKIP with a reason once the worker has a channel, and TC-CHN-001b covers the repeat behaviour on every run. HOW IT BECOMES A PER-RUN TEST: automate learn + assessment on the device, and each run can onboard a brand new worker - PersonalID signup is already automated (login_signup_success.yaml creates accounts in the +7426 range) and invitation is automated (ConnectWorkersPage.invite_workers), so a fresh worker gives a fresh channel and a fresh push and this case runs green every time. Learn/assessment is the only missing link; legacy Appium had it in pages/mobile_pages/learn_app_page.py to port, and porting it would also remove the same manual prerequisite from the tasking suite.
A4: TC-CHN-001b | B4: Repeating the consent request does not duplicate the channel | C4: 1. With a channel already present, request consent again for the same user | D4: HTTP 200 rather than 201, the same channel_id is returned, no second channel appears and no push is sent. | E4: 1 - Web (Playwright) | F4: W3 test_messaging_channel_creation | H4: The repeatable half of 'Connect channel 1', and the more valuable regression guard day to day: it is what stops a duplicate channel appearing every time consent is re-requested. Runs on every run regardless of worker state, which is exactly what TC-CHN-001a cannot do until learn and assessment are automated - see its note.
A5: TC-CHN-002 | B5: The consented channel appears in the mobile channel list | C5: 1. WEB: request consent as in TC-CHN-001 2. MOBILE: sign in with PersonalID 3. Open the nav drawer > Messaging | D5: The new channel is listed in 'Channels' with its name (the HQ domain, e.g. connectqa-automation). | E5: 2 - Hybrid (Web+Mobile) | F5: messaging_broadcast.yaml (asserted before opening the channel) | G5: Automated | H5: Channel name comes from the channel_source JSON key (META_CHANNEL_NAME), which is the HQ domain - hence connectqa-automation on stage vs connectqa-automation-prod on prod.
A6: TC-CHN-003 | B6: Channel list empty state | C6: 1. Sign in as a worker subscribed to no channels 2. Nav drawer > Messaging | D6: tv_no_channel_msg reads "You're not subscribed to any messaging channels. Once you have been added to a channel, it will appear in this list"; no channel rows; no unread badge on the drawer entry. | E6: 3 - Mobile (Maestro) | F6: M3 messaging_empty_state.yaml | H6: Legacy verify_channel_list() accepts empty OR populated, so it pins neither state. The flow is written and passed once (staging, build e008c256) but is NOT currently reproducible: it needs an account that has never been in ANY channel on ANY domain, and no such account is reserved. Message Automation User qualified until it gained a channel; Deb Test 8/12 already carries channels from other domains (connetqa-prod, connectqa). This is a fragile resource by nature - any bulk consent request on a domain a worker belongs to populates it. Needs a dedicated never-enrolled PersonalID number, or the flow changed to sign UP a fresh account per run, which by definition has no channels.
A7: TC-CHN-004 | B7: Channel row renders its metadata | C7: 1. Open Messaging with at least one channel present | D7: The row shows tvChannelName, tvChannelDescription (last-message preview) and tvLastChatTime. | E7: 3 - Mobile (Maestro) | F7: M1 messaging_channel_list.yaml | H7: item_channel.xml. The tappable target is itemRootLayout, not tvChannelName - tapping the name alone does nothing.
A8: TC-CHN-005 | B8: Channel encryption key is present before any assertion | C8: 1. Open the channel 2. Type into etMessage 3. Assert imgSendMessage becomes visible | D8: The send control appears, proving the channel key synced (the button is gated on consent AND non-empty input; MessageManager.sendMessage no-ops without a key). | E8: 3 - Mobile (Maestro) | F8: Shared precondition step (all flows) | H8: Not a user-facing case - a guard. Without it, a key-sync failure and a genuine delivery failure look identical, and we would chase a phantom product bug. MessagingChannelsKeySyncWorker backfills keys for consented keyless channels.
A9: TC-CHN-006 | B9: Subscribed channels sort before unsubscribed ones | C9: 1. Have one subscribed and one unsubscribed channel 2. Open Messaging | D9: Subscribed channels listed first, unsubscribed appended below. | E9: 3 - Mobile (Maestro) | F9: M2 messaging_subscription.yaml | H9: ChannelAdapter.setChannels. Cheap to assert once TC-SUB-001 has produced an unsubscribed channel in the same session.
A10: TC-CHN-007 | B10: Opening a channel sets the screen title to the channel name | C10: 1. Tap a channel row | D10: The chat screen opens with the channel name as the activity title, and etMessage present. | E10: 3 - Mobile (Maestro) | F10: M1 messaging_channel_list.yaml | H10: Legacy open_channel_on_message() asserts only that MESSAGE_INPUT is displayed.

Sheet Broadcasts
A1: Test Case No | B1: Description | C1: Steps to Test | D1: Expected Outcome | E1: Phase | F1: Automation Target | G1: Status | H1: Comments / Notes
A2: Broadcasts (Messaging > Broadcasts)
A3: TC-BRD-001 | B3: 'What to Send' offers the two Connect options | C3: 1. Messaging > Broadcasts 2. Click '+ Add Broadcast' 3. Open the 'What to Send' dropdown | D3: Both 'Connect Message' and 'Connect Survey' are offered. | E3: 1 - Web (Playwright) | F3: test_messaging_web::test_broadcast_offers_connect_content_types | G3: Automated | H3: Legacy Messaging_4 in test_tc_10. Pure web - migrates unchanged.
A4: TC-BRD-002 | B4: Broadcast with Connect Message is received in the channel | C4: 1. WEB: create a broadcast, content type 'Connect Message', recipient = the test worker 2. MOBILE: open Messaging > the channel 3. Assert the broadcast body appears as an incoming message | D4: The exact broadcast text renders in an incoming bubble (tvChatMessage) with a timestamp (tvChatDate). | E4: 2 - Hybrid (Web+Mobile) | F4: test_messaging_hybrid::test_broadcast_connect_message_reaches_the_channel + messaging_broadcast.yaml | G4: Automated | H4: Manual 'Connect message1'; legacy Messaging_5. Migrates as-is. Legacy asserts the message text it generated, which is the stronger form and should be kept.
A5: TC-BRD-003 | B5: Broadcast with Connect Survey is received and answerable | C5: 1. WEB: create a broadcast, content type 'Connect Survey' 2. MOBILE: the first question arrives as a message 3. Answer it in etMessage and send 4. Repeat until the form completes | D5: Each answer produces the next question; the conversation terminates when the form is complete. | E5: 2 - Hybrid (Web+Mobile) | F5: test_messaging_hybrid::test_broadcast_connect_survey_is_answerable + messaging_survey.yaml | G5: Automated | H5: Manual 'Connect message2'; legacy Messaging_6, but legacy hardcodes exactly two questions ('Name' -> 'test user', 'ID' -> '101') and stops there. Replace with a question loop driven by the form definition.
A6: TC-BRD-004 | B6: The completed survey submission is visible on HQ | C6: 1. After TC-BRD-003 completes 2. WEB: open the form's submission history on HQ | D6: A submission exists for the test worker, carrying the answers just given. | E6: 1 - Web (Playwright) | F6: W2 test_messaging_broadcasts | H6: GAP vs legacy. The manual outcome requires 'Form should get submit and able to verify it on the submit history'; legacy never checks HQ received anything, so a survey that renders but never submits would pass today.

Sheet Conditional Alerts
A1: Test Case No | B1: Description | C1: Steps to Test | D1: Expected Outcome | E1: Phase | F1: Automation Target | G1: Status | H1: Comments / Notes
A2: Conditional Alerts (Messaging > Conditional Alerts)
A3: TC-CAL-001 | B3: 'What to Send' offers the two Connect options | C3: 1. Messaging > Conditional Alerts 2. Open the 'What to Send' dropdown | D3: Both 'Connect Message' and 'Connect Survey' are offered. | E3: 1 - Web (Playwright) | F3: test_messaging_web::test_conditional_alert_offers_connect_content_types | G3: Automated | H3: Legacy Messaging_1 in test_tc_09. Pure web - migrates unchanged.
A4: TC-CAL-002 | B4: Create a conditional alert with Connect Message | C4: 1. Create an alert, content type 'Connect Message' 2. Recipient = the test worker 3. Condition keyed on a unique entity id for this run | D4: Alert saves and is listed. | E4: 1 - Web (Playwright) | F4: test_messaging_web::test_create_connect_message_conditional_alert | G4: Automated | H4: Legacy Messaging_2. Legacy deletes any same-named alert first ('Automation Message Alert') - keep that, alerts accumulate.
A5: TC-CAL-003 | B5: The alert fires on a matching form submission | C5: 1. MOBILE: open the deliver app for the opportunity 2. Submit the Registration Form with the run's unique entity id 3. Open Messaging > the channel | D5: The alert's message arrives in the channel. | E5: 2 - Hybrid (Web+Mobile) | F5: W1 test_messaging_conditional_alerts | H5: Manual 'Connect message3'; legacy Messaging_2's mobile half. The entity id is the join between the HQ condition and the mobile submission - it must be unique per run.
A6: TC-CAL-004 | B6: Create a conditional alert with Connect Survey | C6: 1. Create a second alert, content type 'Connect Survey', same condition | D6: Alert saves and is listed. | E6: 1 - Web (Playwright) | F6: test_messaging_web::test_create_connect_survey_conditional_alert | G6: Automated | H6: Legacy Messaging_3 ('Automation Survey Alert').
A7: TC-CAL-005 | B7: The survey is delivered on trigger and is answerable | C7: 1. After the same form submission 2. Answer each question in the channel until the form completes | D7: Questions arrive in sequence and each answer advances the form. | E7: 2 - Hybrid (Web+Mobile) | F7: W1 test_messaging_conditional_alerts | H7: Manual 'Connect message4'; legacy Messaging_3. Same hardcoded-questions gap as TC-BRD-003.
A8: TC-CAL-006 | B8: The completed survey submission is visible on HQ | C8: 1. WEB: open the form's submission history after TC-CAL-005 | D8: A submission exists for the test worker with the given answers. | E8: 1 - Web (Playwright) | F8: W1 test_messaging_conditional_alerts | H8: GAP vs legacy - same as TC-BRD-004.
A9: TC-CAL-007 | B9: An alert does not fire when the condition is not met | C9: 1. Submit the form with an entity id that does not match the alert condition 2. Watch the channel | D9: No new message arrives for that alert. | E9: Manual / one-off | F9: Manual only | H9: Negative case over an async pipeline - proving absence needs an arbitrary wait, and a slow staging round trip would read as a pass. Better left manual than automated unreliably.

Sheet Keywords
A1: Test Case No | B1: Description | C1: Steps to Test | D1: Expected Outcome | E1: Phase | F1: Automation Target | G1: Status | H1: Comments / Notes
A2: Keywords (Messaging > Keywords)
A3: TC-KWD-001 | B3: Create a keyword with Connect Message content | C3: 1. Messaging > Keywords 2. Create a keyword, content type 'Connect Message' | D3: Keyword saves and is listed. | E3: 1 - Web (Playwright) | F3: test_messaging_web::test_create_keyword_with_connect_message | G3: Automated | H3: No legacy automation at all. Confirm the content type is offered (prerequisite #6) before committing to this wave.
A4: TC-KWD-002 | B4: Triggering the keyword from the channel returns a message | C4: 1. MOBILE: open the channel 2. Type the keyword into etMessage and send 3. Wait for the reply | D4: The keyword's configured Connect Message arrives as an incoming message. | E4: 2 - Hybrid (Web+Mobile) | F4: test_messaging_hybrid::test_keyword_triggered_from_channel_returns_a_message + messaging_keyword.yaml | G4: Automated | H4: Manual 'Connect message5'. This is the only case that exercises the worker-initiated send path with a product consequence to assert - it subsumes a standalone 'send free text' test.
A5: TC-KWD-003 | B5: Create a keyword with Connect Survey content | C5: 1. Messaging > Keywords 2. Create a keyword, content type 'Connect Survey' | D5: Keyword saves and is listed. | E5: 1 - Web (Playwright) | F5: test_messaging_web::test_create_keyword_with_connect_survey | G5: Automated
A6: TC-KWD-004 | B6: Triggering the keyword returns a survey that can be completed | C6: 1. MOBILE: send the keyword in the channel 2. Answer each question until the form completes | D6: The first question arrives; each answer advances the form to completion. | E6: 2 - Hybrid (Web+Mobile) | F6: W4 test_messaging_keywords | H6: Manual 'Connect message6'.
A7: TC-KWD-005 | B7: The keyword-triggered survey submission is visible on HQ | C7: 1. WEB: open the form's submission history | D7: A submission exists for the test worker. | E7: 1 - Web (Playwright) | F7: W4 test_messaging_keywords | H7: Explicit in the manual outcome for 'Connect message6'.
A8: TC-KWD-006 | B8: An unrecognised keyword produces no response | C8: 1. Send arbitrary text that matches no keyword 2. Watch the channel | D8: No automated reply arrives; the sent message still renders as an outgoing bubble. | E8: Manual / one-off | F8: Manual only | H8: Same absence-proving problem as TC-CAL-007.

Sheet Subscription
A1: Test Case No | B1: Description | C1: Steps to Test | D1: Expected Outcome | E1: Phase | F1: Automation Target | G1: Status | H1: Comments / Notes
A2: Subscription / consent (mobile overflow menu)
A3: TC-SUB-001 | B3: Unsubscribe from a channel | C3: 1. Open the channel 2. Overflow ('More options') menu > Unsubscribe 3. Confirm in the dialog | D3: The dialog closes and the channel is unsubscribed. | E3: 3 - Mobile (Maestro) | F3: test_messaging_hybrid::test_channel_unsubscribe_and_resubscribe + messaging_consent.yaml | G3: Automated | H3: Manual 'Connect message7'. No dedicated consent screen exists - consent is an overflow action backed by POST /messaging/update_consent/.
A4: TC-SUB-002 | B4: An unsubscribed channel disables sending | C4: 1. Remain on the unsubscribed channel | D4: etMessage is disabled and shows 'You are not subscribed to this messaging channel'; imgSendMessage stays hidden. | E4: 3 - Mobile (Maestro) | F4: test_messaging_hybrid::test_channel_unsubscribe_and_resubscribe + messaging_consent.yaml | G4: Automated | H4: etMessage doubles as the not-subscribed banner, so the same view is both the input and the message.
A5: TC-SUB-003 | B5: The channel row shows the unsubscribed pill | C5: 1. Go back to the channel list | D5: tvUnsubscribedPill is visible on that channel's row. | E5: 3 - Mobile (Maestro) | F5: test_messaging_hybrid::test_channel_unsubscribe_and_resubscribe + messaging_consent.yaml | G5: Automated
A6: TC-SUB-004 | B6: No messages are received while unsubscribed | C6: 1. MOBILE: unsubscribe (own device session) 2. WEB: send a broadcast to the worker 3. Assert the send is refused | D6: ConnectID rejects the send with HTTP 400 NO_USER_CONSENT; nothing reaches the channel. | E6: 2 - Hybrid (Web+Mobile) | F6: W3 test_messaging_channel_creation | H6: Asserted on the WEB side, not by proving absence on a device: SendServerConnectMessage returns 400 NO_USER_CONSENT for an unconsented channel, so there is a definite signal instead of an arbitrary wait. Needs two run_flows() calls with the send between them - one build cannot be paused midway.
A7: TC-SUB-007 | B7: Message history survives unsubscribe and resubscribe | C7: 1. Open a channel with existing messages 2. Unsubscribe 3. Resubscribe 4. Leave and re-enter the thread | D7: The existing messages remain visible throughout. | E7: 3 - Mobile (Maestro) | F7: messaging_consent_history.yaml | G7: Automated | H7: Not in the manual plan. Added after the thread rendered completely empty immediately following a resubscribe, on a channel that had messages minutes earlier. ConnectID's UpdateConsentView only flips a boolean and never touches messages, so history loss would be device-side and unintended. The flow's checkpoints are placed so that where it stops identifies the cause.
A8: TC-SUB-005 | B8: Resubscribe to the channel | C8: 1. Open the channel 2. Overflow menu > Resubscribe 3. Confirm in the dialog | D8: The channel is resubscribed; etMessage is editable again and the unsubscribed pill is gone. | E8: 3 - Mobile (Maestro) | F8: test_messaging_hybrid::test_channel_unsubscribe_and_resubscribe + messaging_consent.yaml | G8: Automated | H8: Manual 'Connect message8'. Confirmed reversible with no server-side cleanup, so this is re-runnable.
A9: TC-SUB-006 | B9: Message delivery resumes after resubscribing | C9: 1. WEB: send a broadcast after resubscription 2. MOBILE: open the channel | D9: The new broadcast arrives. | E9: 2 - Hybrid (Web+Mobile) | F9: W3 test_messaging_channel_creation | H9: Pairs with TC-SUB-004: on its own, TC-SUB-004 would still pass if delivery were broken permanently. Same reasoning the tasking plan used for its blocked/unblocked visit pair.

Sheet Message Delivery
A1: Test Case No | B1: Description | C1: Steps to Test | D1: Expected Outcome | E1: Phase | F1: Automation Target | G1: Status | H1: Comments / Notes
A2: Message delivery, unread state and notifications
A3: TC-MSG-001 | B3: Send control appears only for non-empty input | C3: 1. Open a subscribed channel 2. Assert imgSendMessage is not visible 3. Type into etMessage | D3: imgSendMessage is GONE while the input is empty and appears once it is not. | E3: 3 - Mobile (Maestro) | F3: messaging_consent_history.yaml (seeds its history by sending) | G3: Automated | H3: ConnectMessageFragment.createTextWatcher gates on non-empty AND consented. Maestro must type before tapping - a blind tap on the send button fails.
A4: TC-MSG-002 | B4: A sent message renders and is confirmed | C4: 1. Send a message | D4: An outgoing bubble appears immediately, and imgMessageReadStatus advances from sent to confirmed. | E4: 3 - Mobile (Maestro) | F4: messaging_consent_history.yaml (seeds its history by sending) | G4: Automated | H4: Sends are optimistic: stored locally with confirmed=false and shown BEFORE the network call, so asserting the bubble alone proves nothing about delivery - the tick is the real assertion.
A5: TC-MSG-003 | B5: Per-channel unread count | C5: 1. Receive a message without opening the thread 2. View the channel list | D5: tvUnreadCount on that channel's row shows the number of unread messages. | E5: 2 - Hybrid (Web+Mobile) | F5: messaging_broadcast.yaml | G5: Automated | H5: Folded into the alert test: it already has a message arriving unviewed. A mobile-only flow would have to fake that moment.
A6: TC-MSG-004 | B6: Global nav-drawer unread badge | C6: 1. With unread messages outstanding, open the nav drawer | D6: The Messaging entry carries an unread badge. | E6: 2 - Hybrid (Web+Mobile) | F6: W1 test_messaging_conditional_alerts | H6: BaseDrawerController, fed by ConnectMessagingDatabaseHelper.getUnviewedMessages().
A7: TC-MSG-005 | B7: Opening a thread clears unread state | C7: 1. Open the channel with unread messages 2. Go back to the channel list and the drawer | D7: tvUnreadCount is gone from the row and the drawer badge is cleared. | E7: 2 - Hybrid (Web+Mobile) | F7: messaging_broadcast.yaml | G7: Automated | H7: Opening a thread marks all its messages userViewed=true.
A8: TC-MSG-006 | B8: A messaging push deep-links into the thread | C8: 1. Background the app 2. WEB: send a broadcast 3. Wait for the push in the notification shade 4. Tap it | D8: ConnectMessagingActivity opens the correct channel thread (via the PersonalID unlock path if locked). | E8: Manual / one-off | F8: Manual only | H8: MANUAL by decision (2026-08-12), not by omission. The case needs a message to arrive while the app is backgrounded, but every BrowserStack build starts from a fresh install and cannot be paused, so the web half must send before the device boots - by sign-in the message is already queued and arrives on first sync, never as a push. The ordering would need two builds with a send between, and the second reinstalls and wipes the session. Automatable on a local emulator, where the session persists, if it is ever judged worth the CI cost.
A9: TC-MSG-007 | B9: Push is suppressed while the channel is in the foreground | C9: 1. Stay on the channel list or in the thread 2. WEB: send a broadcast | D9: No notification is posted; the message appears in the UI directly. | E9: Manual / one-off | F9: Manual only | H9: Deliberate behaviour (isActive / getActiveChannel), but asserting a notification's absence over an async pipeline has the same unreliability as TC-CAL-007.
A10: TC-MSG-008 | B10: An open thread refreshes without a push | C10: 1. Sit in the thread with notifications off 2. WEB: send a message 3. Wait | D10: The message appears within the 30-second poll interval. | E10: Manual / one-off | F10: Manual only | H10: ConnectMessageFragment polls on a 30s INTERVAL. Automatable in principle but costs a device session to assert a timer - low value against ~8 minutes of BrowserStack per run.
A11: TC-MSG-009 | B11: An unsent message is retried on returning to the channel list | C11: 1. Send with the network off 2. Restore the network 3. Return to the channel list | D11: The queued message is sent and confirmed. | E11: Manual / one-off | F11: Manual only | H11: See TC-IMP-003 - MessageManager.sendUnsentMessages breaks after the first message, so with two queued only one is retried per visit. Verify the behaviour manually before writing a test that encodes it.

Sheet Regression & Impact
A1: Test Case No | B1: Description | C1: Steps to Test | D1: Expected Outcome | E1: Phase | F1: Automation Target | G1: Status | H1: Comments / Notes
A2: Impact areas found by reading commcare-android / commcare-connect
A3: TC-IMP-001 | B3: Sending with no channel key fails silently | C3: 1. Reach a channel whose encryption key has not synced 2. Send a message | D3: Expected: the user is told. Actual: MessageManager.sendMessage logs and returns - no toast, no error, the bubble stays unconfirmed. | E3: Manual / one-off | F3: Manual only | H3: Product risk, not a test gap. Raise separately if confirmed. TC-CHN-005 guards our suite against mistaking this for a delivery failure.
A4: TC-IMP-002 | B4: Inbound message dropped when decryption fails | C4: 1. Deliver a message the device cannot decrypt | D4: ConnectMessagingMessageRecord.fromJson returns null and the message is silently discarded - it never appears and nothing is logged to the user. | E4: Manual / one-off | F4: Manual only | H4: Also the reason no test can assert message CONTENT server-side: bodies are AEAD-encrypted per channel and only the device holds the key.
A5: TC-IMP-003 | B5: Only one queued message is retried per channel-list visit | C5: 1. Queue two unsent messages offline 2. Restore the network 3. Return to the channel list | D5: Suspected: only the first is sent, because sendUnsentMessages breaks out of the loop after one. | E5: Manual / one-off | F5: Manual only | H5: Code-review finding, unverified against a running app. Confirm before filing - and before TC-MSG-009 encodes any behaviour.
A6: TC-IMP-004 | B6: Legacy Maestro login flows are broken on APK 2.63.4 | C6: 1. Run login_signup_success.yaml / login_account_locked.yaml against 2.63.4 | D6: They reference the removed connect_backup_code_input and assert drawer items that no longer render. | E6: Manual / one-off | F6: Manual only | H6: Tracked in PR #23. Not messaging work, but every messaging flow signs in first. The six-box NumericCodeView pattern is already solved in worker_relearn_task.yaml - reuse it rather than the old shared flow.

Sheet Legacy Coverage Map
A1: What the legacy Selenium/Appium suite already covers
A3: Manual MTP Case | B3: Description | C3: Legacy Test | D3: Legacy Coverage | E3: New Plan Case(s) | F3: Migration Action
A4: Connect channel 1 | B4: Create a connect channel via HQ consent request | C4: - | D4: None | E4: TC-CHN-001, TC-CHN-002 | F4: NEW. Also removes the manual channel-seeding prerequisite for every other case.
A5: Connect message1 | B5: Broadcast with Connect Message option | C5: test_tc_10 (Messaging_5) | D5: Full | E5: TC-BRD-002 | F5: MIGRATE as-is. Keep legacy's assertion on the exact generated text.
A6: Connect message2 | B6: Broadcast with Connect Survey option | C6: test_tc_10 (Messaging_6) | D6: Partial | E6: TC-BRD-003, TC-BRD-004 | F6: MIGRATE + EXTEND. fill_survey_form() hardcodes two questions and never checks HQ received the submission.
A7: Connect message3 | B7: Conditional alert with Connect Message option | C7: test_tc_09 (Messaging_2) | D7: Full | E7: TC-CAL-002, TC-CAL-003 | F7: MIGRATE as-is.
A8: Connect message4 | B8: Conditional alert with Connect Survey option | C8: test_tc_09 (Messaging_3) | D8: Partial | E8: TC-CAL-004, TC-CAL-005, TC-CAL-006 | F8: MIGRATE + EXTEND. Same survey gap as Connect message2.
A9: Connect message5 | B9: Keyword for Connect Message | C9: - | D9: None | E9: TC-KWD-001, TC-KWD-002 | F9: NEW.
A10: Connect message6 | B10: Keyword for Connect Survey | C10: - | D10: None | E10: TC-KWD-003, TC-KWD-004, TC-KWD-005 | F10: NEW.
A11: Connect message7 | B11: Unsubscribe from a channel | C11: - | D11: None | E11: TC-SUB-001..004 | F11: NEW.
A12: Connect message8 | B12: Resubscribe to a channel | C12: - | D12: None | E12: TC-SUB-005, TC-SUB-006 | F12: NEW.
A13: (no manual id) | B13: 'What to Send' offers Connect Message + Connect Survey (alerts) | C13: test_tc_09 (Messaging_1) | D13: Full | E13: TC-CAL-001 | F13: MIGRATE. Automated in legacy with no manual case behind it - worth keeping.
A14: (no manual id) | B14: 'What to Send' offers Connect Message + Connect Survey (broadcasts) | C14: test_tc_10 (Messaging_4) | D14: Full | E14: TC-BRD-001 | F14: MIGRATE. As above.
... A16: (not in MTP) | B16: Unread counts, drawer badge, push deep-link, send-button gating, delivery ticks | C16: - | D16: None | E16: TC-MSG-001..006 | F16: NEW. Found by reading commcare-android; absent from the manual plan.

Sheet Delivery Waves
A1: Delivery order and current status
A3: Stage | B3: Scope | C3: Cases | D3: Status | E3: Notes
A4: 1. HQ configuration | B4: Creating alerts, broadcasts and keywords, and the content-type options | C4: TC-CAL-001/002/004, TC-BRD-001, TC-KWD-001/003 | D4: DONE - green on prod | E4: No device needed. Two HQ behaviours cost a day between them: fields bind with valueUpdate:'afterkeydown' so Playwright's fill() leaves the model empty, and select2 token fields silently drop a value if the option list has not resolved.
A5: 2. Broadcast delivery | B5: A broadcast reaching the worker's channel, and unread state | C5: TC-BRD-002/003, TC-CHN-002, TC-MSG-003/005 | D5: DONE - green on prod | E5: Chosen as the first hybrid stage because a broadcast needs only a PersonalID user with a channel - no opportunity, learning, assessment or delivery - so the whole device path was exercised without waiting on an enrolled worker.
A6: 3. Worker-initiated | B6: Sending from the device: keyword trigger and free text | C6: TC-KWD-002, TC-MSG-001/002 | D6: DONE - green on prod | E6: The keyword is the only send with a product consequence to assert. An outgoing bubble alone proves nothing: the app stores and renders it optimistically before the network call.
A7: 4. Consent | B7: Unsubscribe, resubscribe, and whether history survives them | C7: TC-SUB-001/002/003/005/007 | D7: DONE - green on prod | E7: TC-SUB-007 was added mid-stage after a thread looked empty post-resubscribe; it turned out history is device-local and does not survive a reinstall, so the flow now seeds its own.
A8: 5. Conditional alerts | B8: An alert firing on a form submission and reaching the channel | C8: TC-CAL-003/005 | D8: NEXT | E8: The last legacy port (test_tc_09). Test first whether the triggering form must come from the worker's own device: the alert matches a case property while its recipient is a user, so they may not need to be the same person - if not, this needs no enrolled worker at all.
A9: 6. Channel creation | B9: Re-requesting consent does not duplicate the channel | C9: TC-CHN-001b | D9: TO DO | E9: Needs the CONNECT MESSSAGING > User Consent page mapped. TC-CHN-001a (first-time creation) is manual by nature - get_or_create makes it one-shot per worker and domain.
A10: 7. Submission proof | B10: The completed survey reached HQ | C10: TC-BRD-004, TC-CAL-006, TC-KWD-005 | D10: TO DO | E10: The gap legacy left: it answers surveys but never checks HQ received anything, so a survey that renders and never submits would pass. Needs the Submit History report mapped. Answers are already unique per run so the submission is findable.
A11: 8. Consent-blocked delivery | B11: Nothing arrives while unsubscribed; delivery resumes after | C11: TC-SUB-004/006 | D11: TO DO | E11: Needs two run_flows() calls with a web send between them - one build cannot be paused. ConnectID returns 400 NO_USER_CONSENT, so the first half is assertable from the web side rather than by proving absence on a device.
A12: 9. Empty state | B12: A worker in no channels sees the empty-state message | C12: TC-CHN-003 | D12: BLOCKED | E12: Needs a worker subscribed to no channels. MAESTRO_MESSAGING_EMPTY_STATE currently points at the login account on the assumption it has never been added to one - unverified, and the first device run settles it.
A13: 10. Staging | B13: Everything above, on staging | C13: all | D13: BLOCKED | E13: Only the conditional-alert cases actually need it: 'Message Automation User' must be enrolled on an opportunity with a Registration Form and taken past learn and assessment. Broadcasts, keywords and consent need nothing but the account, which exists. The staging worker_user_id can be read off HQ once enrolled.
